[
  {
    "id": 1,
    "username": "alice123",
    "email": "alice@example.com",
    "password": "pass123"
  },
  {
    "id": 2,
    "username": "bogdan88",
    "email": "bogdan@example.com",
    "password": "secret"
  },
  {
    "id": 3,
    "username": "carmen_d",
    "email": "carmen@example.com",
    "password": "abc123"
  },
  {
    "id": 4,
    "username": "daniel98",
    "email": "daniel@example.com",
    "password": "mypassword"
  },
  {
    "id": 5,
    "username": "elena",
    "email": "elena@example.com",
    "password": "elena321"
  },
  {
    "id": 6,
    "username": "josh",
    "email": "josh@example.com",
    "password": "josh123"
  },
  {
    "id": 7,
    "username": "crin",
    "email": "crin@example.com",
    "password": "crin123"
  },
  {
    "id": 8,
    "username": "victor",
    "email": "victor@example.com",
    "password": "victor123"
  },
  {
    "id": 9,
    "username": "nicusor",
    "email": "nicusor@example.com",
    "password": "nicusor123"
  },
  {
    "id": 10,
    "username": "klaus",
    "email": "klaus@example.com",
    "password": "klaus123"
  },
  {
    "id": 11,
    "username": "john ion banu muscel",
    "email": "johnionbanumuscel@example.com",
    "password": "john123"
  }
]
